Name,HeadCount
3.jpg,3
9.jpg,6
10.jpg,5
16.jpg,5
18.jpg,7
31.jpg,8
33.jpg,4
36.jpg,5
38.jpg,7
41.jpg,8
45.jpg,7
57.jpg,4
60.jpg,8
61.jpg,5
62.jpg,3
68.jpg,7
79.jpg,4
92.jpg,11
96.jpg,7
105.jpg,8
106.jpg,5
107.jpg,4
114.jpg,14
115.jpg,12
119.jpg,4
121.jpg,4
127.jpg,6
128.jpg,7
132.jpg,7
133.jpg,4
136.jpg,3
137.jpg,8
138.jpg,5
141.jpg,9
157.jpg,14
158.jpg,10
160.jpg,11
170.jpg,4
172.jpg,10
174.jpg,4
180.jpg,9
186.jpg,5
187.jpg,14
194.jpg,6
198.jpg,12
211.jpg,8
219.jpg,11
229.jpg,3
231.jpg,8
234.jpg,5
236.jpg,2
241.jpg,7
242.jpg,6
253.jpg,2
255.jpg,5
256.jpg,2
259.jpg,3
264.jpg,6
273.jpg,6
275.jpg,6
279.jpg,9
284.jpg,5
285.jpg,7
288.jpg,4
293.jpg,5
295.jpg,7
310.jpg,8
311.jpg,7
317.jpg,7
322.jpg,3
327.jpg,5
333.jpg,5
335.jpg,6
347.jpg,8
350.jpg,8
353.jpg,9
355.jpg,6
356.jpg,7
360.jpg,6
372.jpg,3
374.jpg,7
375.jpg,8
376.jpg,6
382.jpg,8
385.jpg,6
389.jpg,6
390.jpg,4
391.jpg,7
400.jpg,13
405.jpg,10
413.jpg,5
418.jpg,9
421.jpg,12
426.jpg,9
432.jpg,9
433.jpg,4
439.jpg,14
441.jpg,6
454.jpg,21
463.jpg,11
464.jpg,8
466.jpg,5
468.jpg,4
472.jpg,19
473.jpg,5
474.jpg,4
476.jpg,6
494.jpg,8
505.jpg,7
507.jpg,6
511.jpg,5
514.jpg,5
519.jpg,6
522.jpg,11
526.jpg,3
533.jpg,13
536.jpg,14
538.jpg,12
543.jpg,13
552.jpg,5
553.jpg,14
557.jpg,19
558.jpg,15
561.jpg,14
567.jpg,6
574.jpg,7
579.jpg,7
580.jpg,8
583.jpg,6
594.jpg,5
599.jpg,8
600.jpg,3
604.jpg,5
605.jpg,8
609.jpg,6
610.jpg,4
614.jpg,8
617.jpg,12
626.jpg,11
629.jpg,8
640.jpg,6
643.jpg,14
645.jpg,17
664.jpg,13
674.jpg,13
679.jpg,16
694.jpg,8
701.jpg,16
711.jpg,4
714.jpg,4
716.jpg,4
722.jpg,14
732.jpg,12
733.jpg,12
736.jpg,5
740.jpg,13
741.jpg,15
745.jpg,4
747.jpg,8
749.jpg,10
757.jpg,8
759.jpg,9
762.jpg,7
766.jpg,3
779.jpg,11
783.jpg,3
785.jpg,6
792.jpg,8
793.jpg,7
794.jpg,4
798.jpg,6
803.jpg,8
807.jpg,6
810.jpg,6
818.jpg,9
822.jpg,6
831.jpg,5
832.jpg,6
833.jpg,4
836.jpg,6
840.jpg,6
841.jpg,9
842.jpg,6
844.jpg,8
847.jpg,8
848.jpg,6
849.jpg,7
850.jpg,7
851.jpg,10
852.jpg,4
859.jpg,5
860.jpg,9
867.jpg,5
868.jpg,6
875.jpg,5
880.jpg,4
881.jpg,7
884.jpg,6
885.jpg,8
886.jpg,7
891.jpg,6
898.jpg,6
903.jpg,8
908.jpg,10
909.jpg,6
910.jpg,15
916.jpg,18
918.jpg,4
922.jpg,4
928.jpg,14
935.jpg,11
936.jpg,15
940.jpg,5
944.jpg,9
945.jpg,5
947.jpg,13
949.jpg,12
951.jpg,16
952.jpg,15
953.jpg,7
956.jpg,15
958.jpg,7
960.jpg,11
964.jpg,10
969.jpg,4
987.jpg,7
992.jpg,9
993.jpg,12
994.jpg,4
998.jpg,5
1002.jpg,11
1004.jpg,8
1019.jpg,7
1025.jpg,9
1026.jpg,6
1027.jpg,6
1029.jpg,5
1031.jpg,6
1034.jpg,5
1036.jpg,6
1043.jpg,4
1046.jpg,6
1048.jpg,7
1057.jpg,9
1059.jpg,6
1070.jpg,9
1073.jpg,6
1078.jpg,5
1093.jpg,4
1094.jpg,6
1096.jpg,5
1099.jpg,8
1101.jpg,8
1103.jpg,7
1108.jpg,12
1109.jpg,6
1114.jpg,10
1117.jpg,16
1118.jpg,14
1122.jpg,6
1128.jpg,10
1129.jpg,4
1133.jpg,8
1148.jpg,11
1149.jpg,18
1155.jpg,6
1163.jpg,3
1165.jpg,11
1166.jpg,21
1183.jpg,9
1184.jpg,6
1186.jpg,9
1188.jpg,4
1196.jpg,7
1199.jpg,7
1203.jpg,8
1207.jpg,7
1217.jpg,8
1223.jpg,6
1225.jpg,7
1230.jpg,3
1231.jpg,6
1234.jpg,6
1237.jpg,7
1238.jpg,4
1239.jpg,3
1245.jpg,14
1246.jpg,5
1248.jpg,3
1251.jpg,13
1252.jpg,7
1255.jpg,5
1262.jpg,6
1264.jpg,8
1276.jpg,6
1281.jpg,5
1284.jpg,6
1288.jpg,7
1291.jpg,5
1293.jpg,7
1294.jpg,8
1298.jpg,8
1301.jpg,5
1302.jpg,7
1305.jpg,4
1307.jpg,4
1309.jpg,7
1311.jpg,7
1313.jpg,4
1315.jpg,7
1324.jpg,6
1328.jpg,7
1329.jpg,3
1337.jpg,10
1340.jpg,17
1341.jpg,4
1342.jpg,3
1359.jpg,7
1364.jpg,5
1380.jpg,6
1384.jpg,7
1391.jpg,7
1401.jpg,4
1404.jpg,18
1406.jpg,4
1407.jpg,13
1409.jpg,10
1416.jpg,4
1423.jpg,4
1424.jpg,5
1428.jpg,15
1432.jpg,14
1435.jpg,7
1437.jpg,12
1440.jpg,5
1441.jpg,4
1444.jpg,7
1446.jpg,8
1447.jpg,11
1450.jpg,6
1460.jpg,6
1466.jpg,5
1467.jpg,6
1475.jpg,4
1476.jpg,3
1477.jpg,5
1478.jpg,11
1479.jpg,2
1481.jpg,7
1483.jpg,2
1489.jpg,2
1490.jpg,4
1498.jpg,9
1501.jpg,4
1503.jpg,8
1509.jpg,12
1513.jpg,8
1517.jpg,6
1519.jpg,6
1520.jpg,4
1522.jpg,5
1526.jpg,6
1528.jpg,9
1533.jpg,7
1534.jpg,6
1535.jpg,7
1538.jpg,7
1541.jpg,6
1542.jpg,7
1543.jpg,6
1544.jpg,7
1550.jpg,5
1553.jpg,5
1555.jpg,3
1560.jpg,7
1563.jpg,4
1566.jpg,4
1572.jpg,7
1576.jpg,6
1580.jpg,6
1595.jpg,9
1597.jpg,7
1612.jpg,12
1613.jpg,13
1615.jpg,5
1619.jpg,16
1620.jpg,5
1621.jpg,5
1625.jpg,5
1631.jpg,12
1634.jpg,18
1639.jpg,5
1643.jpg,6
1645.jpg,6
1647.jpg,13
1649.jpg,5
1652.jpg,12
1656.jpg,8
1667.jpg,7
1668.jpg,8
1672.jpg,7
1674.jpg,7
1681.jpg,6
1685.jpg,3
1698.jpg,8
1700.jpg,5
1705.jpg,5
1711.jpg,4
1712.jpg,6
1717.jpg,14
1718.jpg,13
1720.jpg,14
1728.jpg,6
1731.jpg,4
1732.jpg,7
1737.jpg,5
1739.jpg,13
1740.jpg,6
1746.jpg,7
1748.jpg,4
1752.jpg,7
1755.jpg,7
1758.jpg,8
1762.jpg,5
1769.jpg,7
1772.jpg,12
1773.jpg,5
1777.jpg,6
1784.jpg,6
1789.jpg,9
1793.jpg,14
1798.jpg,5
1804.jpg,13
1812.jpg,12
1817.jpg,7
1820.jpg,14
1824.jpg,16
1831.jpg,5
1846.jpg,12
1847.jpg,14
1849.jpg,14
1852.jpg,15
1856.jpg,13
1857.jpg,13
1859.jpg,14
1867.jpg,13
1877.jpg,5
1883.jpg,13
1896.jpg,11
1899.jpg,13
1905.jpg,4
1909.jpg,17
1910.jpg,4
1911.jpg,18
1917.jpg,12
1924.jpg,15
1928.jpg,15
1931.jpg,10
1932.jpg,18
1936.jpg,4
1938.jpg,3
1940.jpg,11
1943.jpg,7
1946.jpg,3
1948.jpg,8
1951.jpg,10
1953.jpg,5
1960.jpg,4
1966.jpg,4
1973.jpg,5
1981.jpg,6
1986.jpg,4
1990.jpg,4
1997.jpg,16
2001.jpg,13
2002.jpg,16
2004.jpg,8
2009.jpg,13
2012.jpg,7
2024.jpg,3
2025.jpg,11
2026.jpg,6
2028.jpg,16
2030.jpg,8
2031.jpg,11
2033.jpg,3
2047.jpg,5
2062.jpg,17
2065.jpg,11
2069.jpg,12
2075.jpg,3
2076.jpg,6
2079.jpg,4
2085.jpg,5
2091.jpg,4
2094.jpg,3
2098.jpg,3
2101.jpg,6
2112.jpg,6
2116.jpg,6
2120.jpg,5
2121.jpg,7
2129.jpg,5
2135.jpg,3
2142.jpg,5
2146.jpg,7
2148.jpg,6
2156.jpg,6
2161.jpg,7
2166.jpg,5
2177.jpg,6
2178.jpg,5
2181.jpg,6
2184.jpg,8
2185.jpg,4
2193.jpg,5
2196.jpg,6
2198.jpg,6
2204.jpg,7
2213.jpg,10
2214.jpg,6
2216.jpg,8
2226.jpg,6
2227.jpg,6
2231.jpg,8
2233.jpg,7
2237.jpg,8
2241.jpg,11
2242.jpg,9
2243.jpg,8
2251.jpg,5
2256.jpg,6
2258.jpg,9
2259.jpg,6
2264.jpg,4
2265.jpg,6
2269.jpg,5
2275.jpg,6
2278.jpg,7
2280.jpg,6
2281.jpg,17
2285.jpg,6
2288.jpg,8
2292.jpg,5
2294.jpg,6
2299.jpg,9
2301.jpg,9
2304.jpg,8
2305.jpg,10
2307.jpg,8
2309.jpg,7
2311.jpg,5
2319.jpg,5
2325.jpg,4
2331.jpg,5
2332.jpg,5
2333.jpg,17
2342.jpg,11
2344.jpg,15
2345.jpg,4
2347.jpg,5
2352.jpg,5
2353.jpg,7
2363.jpg,16
2368.jpg,6
2370.jpg,9
2372.jpg,13
2373.jpg,10
2374.jpg,10
2376.jpg,11
2378.jpg,12
2386.jpg,13
2387.jpg,8
2388.jpg,12
2398.jpg,13
2405.jpg,6
2406.jpg,8
2410.jpg,7
2417.jpg,4
2418.jpg,13
2419.jpg,5
2424.jpg,4
2448.jpg,13
2453.jpg,9
2458.jpg,7
2460.jpg,15
2466.jpg,14
2471.jpg,12
2472.jpg,5
2473.jpg,15
2476.jpg,3
2478.jpg,15
2480.jpg,5
2482.jpg,14
2490.jpg,13
2492.jpg,11
2493.jpg,11
2495.jpg,6
2496.jpg,3
2508.jpg,15
2511.jpg,4
2512.jpg,19
2513.jpg,14
2514.jpg,6
2520.jpg,12
2522.jpg,12
2524.jpg,8
2525.jpg,13
2527.jpg,15
2528.jpg,14
2532.jpg,18
2536.jpg,3
2555.jpg,6
2556.jpg,6
2559.jpg,6
2568.jpg,6
2572.jpg,4
2573.jpg,8
2577.jpg,6
2588.jpg,5
2605.jpg,7
2607.jpg,5
2608.jpg,9
2611.jpg,5
2612.jpg,7
2615.jpg,5
2621.jpg,8
2624.jpg,6
2627.jpg,7
2634.jpg,9
2645.jpg,7
2652.jpg,3
2657.jpg,9
2658.jpg,8
2662.jpg,6
2666.jpg,7
2668.jpg,4
2669.jpg,6
2673.jpg,7
2677.jpg,5
2680.jpg,7
2685.jpg,4
2687.jpg,7
2689.jpg,5
2691.jpg,5
2696.jpg,4
2697.jpg,8
2705.jpg,8
2718.jpg,5
2726.jpg,8
2736.jpg,7
2738.jpg,8
2744.jpg,3
2747.jpg,10
2750.jpg,16
2751.jpg,10
2752.jpg,4
2753.jpg,10
2754.jpg,11
2755.jpg,10
2757.jpg,12
2763.jpg,16
2765.jpg,17
2766.jpg,6
2769.jpg,7
2770.jpg,15
2774.jpg,12
2776.jpg,13
2778.jpg,9
2781.jpg,7
2785.jpg,11
2787.jpg,12
2795.jpg,8
2798.jpg,11
2801.jpg,9
2802.jpg,6
2804.jpg,13
2811.jpg,14
2812.jpg,4
2815.jpg,8
2818.jpg,15
2823.jpg,13
2839.jpg,3
2840.jpg,7
2841.jpg,6
2845.jpg,4
2849.jpg,8
2850.jpg,6
2853.jpg,4
2858.jpg,5
2861.jpg,4
2863.jpg,5
2873.jpg,6
2891.jpg,14
2892.jpg,15
2897.jpg,10
2902.jpg,11
2906.jpg,13
2917.jpg,13
2923.jpg,12
2925.jpg,7
2932.jpg,14
2933.jpg,16
2946.jpg,6
2947.jpg,6
2952.jpg,8
2955.jpg,5
2958.jpg,6
2959.jpg,15
2960.jpg,9
2970.jpg,12
2971.jpg,8
2972.jpg,8
2974.jpg,12
2977.jpg,11
2986.jpg,11
2988.jpg,12
2991.jpg,13
2992.jpg,3
2993.jpg,8
2998.jpg,8
3000.jpg,5
3003.jpg,5
3005.jpg,7
3014.jpg,3
3018.jpg,8
3020.jpg,10
3024.jpg,5
3025.jpg,6
3028.jpg,9
3036.jpg,8
3042.jpg,5
3043.jpg,5
3044.jpg,6
3045.jpg,5
3046.jpg,6
3048.jpg,11
3050.jpg,11
3055.jpg,7
3057.jpg,5
3059.jpg,6
3069.jpg,5
3071.jpg,7
3072.jpg,7
3075.jpg,6
3086.jpg,10
3088.jpg,6
3089.jpg,8
3093.jpg,7
3094.jpg,6
3097.jpg,8
3099.jpg,9
3116.jpg,4
3117.jpg,14
3120.jpg,19
3124.jpg,13
3133.jpg,14
3135.jpg,7
3136.jpg,9
3141.jpg,6
3149.jpg,4
3151.jpg,6
3153.jpg,9
3155.jpg,6
3157.jpg,12
3161.jpg,16
3162.jpg,9
3177.jpg,4
3185.jpg,8
3186.jpg,8
3195.jpg,17
3206.jpg,6
3215.jpg,7
3221.jpg,7
3225.jpg,11
3226.jpg,8
3229.jpg,7
3252.jpg,8
3253.jpg,5
3256.jpg,6
3257.jpg,10
3264.jpg,7
3272.jpg,8
3278.jpg,16
3280.jpg,14
3281.jpg,5
3282.jpg,11
3286.jpg,15
3292.jpg,14
3293.jpg,15
3299.jpg,4
3302.jpg,18
3303.jpg,16
3305.jpg,3
3311.jpg,12
3313.jpg,7
3316.jpg,13
3318.jpg,18
3320.jpg,6
3321.jpg,18
3322.jpg,15
3323.jpg,4
3328.jpg,15
3330.jpg,4
3332.jpg,13
3333.jpg,14
3334.jpg,5
3336.jpg,13
3340.jpg,7
3341.jpg,6
3352.jpg,7
3355.jpg,6
3359.jpg,13
3361.jpg,5
3362.jpg,6
3366.jpg,4
3367.jpg,7
3368.jpg,7
3375.jpg,7
3377.jpg,8
3378.jpg,4
3381.jpg,4
3391.jpg,6
3393.jpg,7
3401.jpg,11
3402.jpg,5
3404.jpg,8
3415.jpg,7
3426.jpg,10
3427.jpg,13
3430.jpg,7
3432.jpg,6
3433.jpg,9
3436.jpg,11
3437.jpg,5
3438.jpg,6
3443.jpg,7
3457.jpg,8
3458.jpg,10
3459.jpg,10
3465.jpg,8
3474.jpg,7
3489.jpg,5
3490.jpg,6
3493.jpg,4
3494.jpg,6
3495.jpg,6
3496.jpg,11
3500.jpg,5
3501.jpg,5
3502.jpg,6
3503.jpg,10
3504.jpg,5
3505.jpg,8
3508.jpg,5
3513.jpg,9
3522.jpg,7
3527.jpg,6
3530.jpg,9
3533.jpg,7
3537.jpg,8
3542.jpg,6
3543.jpg,6
3544.jpg,11
3545.jpg,5
3551.jpg,7
3567.jpg,9
3569.jpg,9
3575.jpg,5
3577.jpg,19
3584.jpg,6
3586.jpg,18
3590.jpg,4
3592.jpg,10
3594.jpg,14
3595.jpg,9
3596.jpg,5
3597.jpg,5
3602.jpg,11
3607.jpg,5
3613.jpg,6
3617.jpg,3
3623.jpg,8
3624.jpg,7
3626.jpg,14
3628.jpg,6
3631.jpg,5
3636.jpg,3
3638.jpg,6
3648.jpg,7
3653.jpg,5
3656.jpg,7
3657.jpg,8
3658.jpg,3
3663.jpg,12
3665.jpg,7
3670.jpg,13
3673.jpg,7
3676.jpg,6
3678.jpg,7
3680.jpg,12
3682.jpg,4
3692.jpg,8
3698.jpg,5
3699.jpg,6
3704.jpg,8
3706.jpg,7
3707.jpg,7
3713.jpg,3
3716.jpg,8
3717.jpg,10
3721.jpg,7
3722.jpg,12
3723.jpg,7
3730.jpg,8
3741.jpg,8
3751.jpg,14
3752.jpg,6
3755.jpg,7
3756.jpg,5
3763.jpg,7
3765.jpg,5
3768.jpg,5
3769.jpg,5
3772.jpg,13
3775.jpg,6
3786.jpg,6
3794.jpg,6
3804.jpg,10
3811.jpg,7
3817.jpg,5
3828.jpg,12
3829.jpg,7
3830.jpg,8
3831.jpg,13
3836.jpg,6
3844.jpg,8
3851.jpg,16
3852.jpg,11
3856.jpg,3
3857.jpg,15
3866.jpg,6
3868.jpg,9
3881.jpg,7
3885.jpg,3
3891.jpg,5
3897.jpg,4
3901.jpg,5
3902.jpg,7
3904.jpg,4
3908.jpg,3
3909.jpg,5
3912.jpg,5
3914.jpg,6
3918.jpg,5
3925.jpg,6
3927.jpg,6
3929.jpg,5
3930.jpg,7
3935.jpg,4
3942.jpg,7
3943.jpg,12
3947.jpg,12
3950.jpg,5
3951.jpg,7
3954.jpg,7
3956.jpg,8
3958.jpg,6
3963.jpg,14
3966.jpg,5
3968.jpg,16
3970.jpg,12
3978.jpg,3
3982.jpg,11
3992.jpg,5
3995.jpg,13
3999.jpg,6
4012.jpg,6
4015.jpg,14
4016.jpg,15
4018.jpg,12
4019.jpg,12
4023.jpg,12
4026.jpg,15
4034.jpg,12
4036.jpg,7
4045.jpg,4
4046.jpg,5
4048.jpg,8
4049.jpg,2
4052.jpg,4
4053.jpg,4
4057.jpg,2
4062.jpg,6
4063.jpg,3
4076.jpg,8
4077.jpg,6
4082.jpg,9
4084.jpg,5
4093.jpg,9
4104.jpg,9
4106.jpg,7
4113.jpg,6
4116.jpg,8
4118.jpg,8
4122.jpg,6
4125.jpg,7
4128.jpg,10
4129.jpg,5
4140.jpg,7
4146.jpg,6
4149.jpg,5
4151.jpg,7
4154.jpg,5
4161.jpg,8
4162.jpg,10
4165.jpg,5
4169.jpg,7
4171.jpg,6
4174.jpg,8
4177.jpg,9
4178.jpg,5
4179.jpg,7
4181.jpg,5
4182.jpg,6
4183.jpg,6
4185.jpg,10
4189.jpg,5
4190.jpg,7
4199.jpg,6
4200.jpg,6
4202.jpg,5
4204.jpg,5
4205.jpg,8
4208.jpg,10
4214.jpg,5
4215.jpg,6
4216.jpg,6
4218.jpg,7
4225.jpg,10
4228.jpg,6
4229.jpg,5
4230.jpg,5
4232.jpg,5
4234.jpg,6
4235.jpg,6
4236.jpg,5
4242.jpg,6
4253.jpg,5
4257.jpg,11
4259.jpg,7
4260.jpg,3
4261.jpg,9
4266.jpg,14
4267.jpg,6
4269.jpg,22
4272.jpg,5
4273.jpg,5
4274.jpg,5
4279.jpg,12
4290.jpg,14
4293.jpg,9
4304.jpg,6
4305.jpg,10
4312.jpg,7
4317.jpg,9
4319.jpg,17
4331.jpg,18
4334.jpg,6
4337.jpg,9
4339.jpg,11
4348.jpg,9
4352.jpg,13
4354.jpg,11
4355.jpg,3
4366.jpg,5
4369.jpg,7
4370.jpg,12
4371.jpg,5
4384.jpg,14
4385.jpg,5
4386.jpg,12
4387.jpg,7
4389.jpg,4
4390.jpg,17
4397.jpg,8
4398.jpg,19
4400.jpg,19
4405.jpg,6
4407.jpg,21
4413.jpg,5
4417.jpg,5
4427.jpg,5
4438.jpg,13
4447.jpg,9
4451.jpg,5
4455.jpg,12
4463.jpg,5
4464.jpg,10
4465.jpg,5
4468.jpg,4
4472.jpg,9
4474.jpg,6
4475.jpg,6
4476.jpg,6
4477.jpg,12
4488.jpg,9
4489.jpg,7
4495.jpg,6
4497.jpg,7
4500.jpg,6
4503.jpg,6
4504.jpg,12
4506.jpg,12
4512.jpg,4
4518.jpg,12
4519.jpg,7
4520.jpg,8
4523.jpg,6
4526.jpg,4
4530.jpg,5
4531.jpg,10
4533.jpg,6
4534.jpg,7
4535.jpg,3
4539.jpg,6
4545.jpg,3
4547.jpg,4
4549.jpg,15
4550.jpg,16
4554.jpg,16
4557.jpg,17
4560.jpg,16
4565.jpg,13
4567.jpg,12
4571.jpg,6
4572.jpg,17
4575.jpg,14
4582.jpg,14
4583.jpg,15
4592.jpg,5
4594.jpg,5
4597.jpg,13
4604.jpg,4
4605.jpg,11
4615.jpg,15
4621.jpg,12
4628.jpg,6
4638.jpg,16
4639.jpg,3
4641.jpg,4
4648.jpg,18
4649.jpg,14
4650.jpg,14
4654.jpg,5
4655.jpg,18
4669.jpg,8
4670.jpg,6
4671.jpg,4
4672.jpg,8
4673.jpg,8
4678.jpg,7
4680.jpg,11
4685.jpg,5
4694.jpg,9
4695.jpg,8
4696.jpg,3
4700.jpg,11
4704.jpg,6
4706.jpg,6
4716.jpg,4
4717.jpg,7
4726.jpg,8
4731.jpg,4
4732.jpg,6
4738.jpg,6
4742.jpg,10
4744.jpg,5
4747.jpg,8
4750.jpg,9
4751.jpg,4
4754.jpg,5
4761.jpg,8
4765.jpg,6
4766.jpg,4
4774.jpg,10
4778.jpg,7
4786.jpg,5
4789.jpg,4
4794.jpg,13
4797.jpg,11
4799.jpg,4
4802.jpg,12
4805.jpg,6
4807.jpg,7
4809.jpg,4
4815.jpg,12
4819.jpg,5
4827.jpg,17
4833.jpg,6
4837.jpg,7
4839.jpg,4
4842.jpg,8
4843.jpg,8
4848.jpg,7
4853.jpg,7
4862.jpg,9
4865.jpg,12
4867.jpg,14
4873.jpg,12
4884.jpg,3
4890.jpg,15
4892.jpg,8
4899.jpg,4
4902.jpg,10
4908.jpg,4
4911.jpg,16
4914.jpg,16
4915.jpg,7
4916.jpg,16
4924.jpg,11
4930.jpg,10
4931.jpg,12
4933.jpg,7
4935.jpg,6
4939.jpg,11
4945.jpg,13
4951.jpg,7
4952.jpg,9
4954.jpg,10
4961.jpg,12
4965.jpg,10
4969.jpg,7
4972.jpg,16
4984.jpg,10
4988.jpg,13
4990.jpg,12
4991.jpg,4
4997.jpg,4
5001.jpg,8
5002.jpg,7
5003.jpg,9
5006.jpg,12
5008.jpg,4
5011.jpg,11
5014.jpg,4
5018.jpg,12
5021.jpg,12
5034.jpg,7
5036.jpg,8
5039.jpg,5
5049.jpg,8
5050.jpg,8
5051.jpg,7
5052.jpg,6
5053.jpg,7
5057.jpg,7
5058.jpg,6
5061.jpg,7
5062.jpg,7
5066.jpg,8
5068.jpg,10
5077.jpg,4
5080.jpg,9
5086.jpg,5
5092.jpg,5
5093.jpg,4
5100.jpg,9
5106.jpg,5
5111.jpg,6
5113.jpg,8
5114.jpg,9
5118.jpg,8
5119.jpg,11
5120.jpg,8
5125.jpg,8
5136.jpg,7
5138.jpg,5
5144.jpg,10
5148.jpg,7
5150.jpg,9
5152.jpg,6
5158.jpg,4
5163.jpg,15
5169.jpg,4
5171.jpg,10
5172.jpg,6
5180.jpg,9
5182.jpg,4
5185.jpg,7
5188.jpg,12
5195.jpg,5
5197.jpg,6
5206.jpg,22
5209.jpg,16
5210.jpg,16
5216.jpg,9
5217.jpg,11
5219.jpg,17
5234.jpg,3
5238.jpg,4
5239.jpg,8
5242.jpg,4
5245.jpg,14
5252.jpg,14
5265.jpg,14
5268.jpg,4
5272.jpg,18
5274.jpg,14
5277.jpg,11
5279.jpg,16
5282.jpg,14
5285.jpg,16
5286.jpg,6
5288.jpg,15
5291.jpg,17
5294.jpg,6
5295.jpg,14
5299.jpg,4
5301.jpg,10
5307.jpg,16
5310.jpg,14
5320.jpg,5
5321.jpg,16
5332.jpg,18
5333.jpg,11
5335.jpg,16
5346.jpg,4
5347.jpg,17
5348.jpg,17
5351.jpg,15
5355.jpg,15
5357.jpg,5
5358.jpg,9
5368.jpg,3
5375.jpg,12
5376.jpg,7
5377.jpg,4
5380.jpg,7
5381.jpg,4
5385.jpg,5
5386.jpg,5
5387.jpg,5
5392.jpg,5
5397.jpg,5
5401.jpg,6
5403.jpg,6
5405.jpg,5
5408.jpg,3
5411.jpg,4
5414.jpg,7
5415.jpg,4
5424.jpg,6
5425.jpg,9
5428.jpg,6
5430.jpg,6
5431.jpg,6
5437.jpg,4
5444.jpg,4
5450.jpg,5
5454.jpg,4
5456.jpg,9
5459.jpg,7
5463.jpg,4
5465.jpg,6
5467.jpg,4
5473.jpg,6
5478.jpg,10
5479.jpg,7
5481.jpg,5
5482.jpg,5
5484.jpg,3
5486.jpg,6
5496.jpg,4
5500.jpg,6
5503.jpg,4
5509.jpg,7
5516.jpg,5
5520.jpg,7
5523.jpg,12
5525.jpg,5
5533.jpg,6
5534.jpg,5
5536.jpg,12
5539.jpg,5
5552.jpg,5
5560.jpg,5
5563.jpg,7
5564.jpg,12
5567.jpg,9
5569.jpg,14
5572.jpg,10
5574.jpg,7
5577.jpg,6
5585.jpg,4
5587.jpg,10
5591.jpg,10
5595.jpg,8
5596.jpg,4
5598.jpg,11
5605.jpg,8
5607.jpg,13
5610.jpg,12
5611.jpg,10
5614.jpg,8
5621.jpg,6
5627.jpg,5
5628.jpg,3
5632.jpg,3
5633.jpg,3
5639.jpg,3
5640.jpg,5
5646.jpg,5
5650.jpg,4
5651.jpg,3
5653.jpg,4
5661.jpg,3
5677.jpg,8
5679.jpg,5
5684.jpg,5
5688.jpg,5
5692.jpg,6
5694.jpg,4
5696.jpg,5
5698.jpg,7
5700.jpg,7
5707.jpg,10
5708.jpg,7
5711.jpg,8
5716.jpg,4
5720.jpg,5
5729.jpg,5
5733.jpg,5
5741.jpg,5
5744.jpg,7
5750.jpg,14
5764.jpg,21
5766.jpg,10
5768.jpg,13
5773.jpg,4
5783.jpg,10
5785.jpg,8
5788.jpg,10
5789.jpg,10
5793.jpg,15
5796.jpg,16
5801.jpg,6
5802.jpg,5
5804.jpg,9
5807.jpg,11
5808.jpg,6
5811.jpg,13
5820.jpg,6
5826.jpg,20
5832.jpg,13
5841.jpg,5
5849.jpg,8
5850.jpg,8
5851.jpg,12
5854.jpg,5
5856.jpg,7
5859.jpg,4
5862.jpg,14
5867.jpg,13
5870.jpg,15
5895.jpg,14
5900.jpg,13
5905.jpg,14
5907.jpg,5
5908.jpg,12
5910.jpg,15
5917.jpg,13
5919.jpg,7
5920.jpg,14
5923.jpg,6
5924.jpg,17
5927.jpg,16
5933.jpg,6
5935.jpg,14
5944.jpg,5
5945.jpg,14
5946.jpg,19
5950.jpg,7
5951.jpg,4
5952.jpg,9
5960.jpg,6
5962.jpg,5
5963.jpg,5
5968.jpg,8
5969.jpg,9
5970.jpg,7
5974.jpg,10
5975.jpg,5
5976.jpg,9
5984.jpg,4
5987.jpg,9
5988.jpg,9
5989.jpg,5
5990.jpg,6
5996.jpg,5
6005.jpg,3
6009.jpg,3
6015.jpg,3
6022.jpg,3
6023.jpg,4
6024.jpg,3
6025.jpg,5
6029.jpg,6
6030.jpg,5
6033.jpg,4
6036.jpg,4
6037.jpg,5
6044.jpg,3
6047.jpg,3
6048.jpg,4
6050.jpg,4
6052.jpg,4
6053.jpg,5
6056.jpg,2
6057.jpg,2
6058.jpg,2
6064.jpg,3
6065.jpg,2
6068.jpg,2
6071.jpg,7
6077.jpg,4
6079.jpg,4
6085.jpg,3
6091.jpg,3
6094.jpg,2
6096.jpg,2
6099.jpg,2
6101.jpg,6
6105.jpg,7
6108.jpg,2
6109.jpg,5
6111.jpg,4
6112.jpg,3
6127.jpg,5
6128.jpg,2
6129.jpg,2
6132.jpg,3
6135.jpg,2
6137.jpg,5
6139.jpg,4
6140.jpg,4
6146.jpg,2
6151.jpg,3
6152.jpg,2
6156.jpg,5
6157.jpg,4
6163.jpg,3
6164.jpg,5
6165.jpg,3
6166.jpg,6
6167.jpg,2
6172.jpg,2
6178.jpg,2
6181.jpg,2
6182.jpg,3
6188.jpg,5
6190.jpg,2
6191.jpg,5
6195.jpg,2
6196.jpg,4
6197.jpg,3
6201.jpg,2
6202.jpg,2
6210.jpg,5
6212.jpg,5
6214.jpg,5
6215.jpg,4
6220.jpg,4
6224.jpg,3
6225.jpg,3
6227.jpg,2
6233.jpg,16
6235.jpg,3
6238.jpg,2
6241.jpg,2
6243.jpg,2
6251.jpg,3
6253.jpg,3
6256.jpg,3
6261.jpg,3
6263.jpg,3
6265.jpg,4
6266.jpg,6
6272.jpg,4
6274.jpg,3
6275.jpg,3
6278.jpg,2
6281.jpg,3
6283.jpg,2
6291.jpg,3
6292.jpg,6
6293.jpg,5
6295.jpg,18
6296.jpg,6
6297.jpg,4
6298.jpg,6
6305.jpg,5
6309.jpg,3
6310.jpg,6
6314.jpg,3
6316.jpg,7
6318.jpg,3
6324.jpg,3
6328.jpg,4
6330.jpg,4
6331.jpg,5
6332.jpg,4
6339.jpg,3
6340.jpg,5
6344.jpg,3
6346.jpg,2
6347.jpg,6
6352.jpg,3
6356.jpg,4
6358.jpg,3
6363.jpg,5
6366.jpg,3
6367.jpg,3
6372.jpg,12
6375.jpg,3
6378.jpg,3
6379.jpg,3
6381.jpg,2
6386.jpg,2
6389.jpg,3
6390.jpg,4
6391.jpg,2
6392.jpg,4
6393.jpg,4
6402.jpg,3
6404.jpg,3
6409.jpg,3
6410.jpg,5
6412.jpg,4
6414.jpg,4
6416.jpg,3
6422.jpg,6
6428.jpg,3
6432.jpg,3
6434.jpg,4
6438.jpg,2
6440.jpg,8
6444.jpg,4
6450.jpg,3
6454.jpg,2
6459.jpg,5
6460.jpg,4
6466.jpg,4
6468.jpg,5
6479.jpg,4
6483.jpg,2
6488.jpg,4
6494.jpg,3
6495.jpg,4
6498.jpg,4
6500.jpg,3
6501.jpg,9
6508.jpg,4
6513.jpg,3
6515.jpg,2
6522.jpg,2
6523.jpg,2
6526.jpg,2
6527.jpg,2
6529.jpg,2
6534.jpg,2
6535.jpg,3
6537.jpg,3
6543.jpg,2
6544.jpg,2
6545.jpg,2
6549.jpg,3
6551.jpg,2
6554.jpg,2
6560.jpg,5
6563.jpg,4
6567.jpg,2
6578.jpg,7
6582.jpg,6
6589.jpg,5
6590.jpg,20
6591.jpg,6
6603.jpg,3
6607.jpg,2
6608.jpg,4
6612.jpg,2
6616.jpg,5
6619.jpg,4
6620.jpg,3
6621.jpg,8
6625.jpg,4
6628.jpg,3
6632.jpg,4
6634.jpg,5
6639.jpg,3
6645.jpg,5
6646.jpg,7
6650.jpg,5
6654.jpg,3
6656.jpg,5
6660.jpg,3
6661.jpg,4
6662.jpg,4
6663.jpg,5
6665.jpg,6
6676.jpg,6
6678.jpg,2
6689.jpg,4
6692.jpg,2
6696.jpg,3
6697.jpg,4
6703.jpg,2
6711.jpg,3
6714.jpg,3
6721.jpg,4
6723.jpg,4
6728.jpg,3
6730.jpg,4
6731.jpg,3
6736.jpg,4
6742.jpg,4
6744.jpg,7
6748.jpg,2
6749.jpg,4
6750.jpg,8
6751.jpg,5
6752.jpg,4
6757.jpg,4
6760.jpg,6
6761.jpg,4
6763.jpg,7
6764.jpg,4
6765.jpg,2
6766.jpg,3
6768.jpg,3
6777.jpg,2
6781.jpg,6
6782.jpg,3
6787.jpg,2
6788.jpg,3
6789.jpg,3
6793.jpg,4
6795.jpg,6
6800.jpg,3
6805.jpg,2
6811.jpg,4
6813.jpg,6
6816.jpg,4
6818.jpg,3
6819.jpg,2
6820.jpg,3
6822.jpg,2
6825.jpg,4
6828.jpg,4
6830.jpg,3
6831.jpg,2
6833.jpg,6
6834.jpg,6
6837.jpg,4
6843.jpg,4
6844.jpg,5
6845.jpg,5
6851.jpg,4
6858.jpg,5
6860.jpg,2
6864.jpg,2
6869.jpg,3
6873.jpg,6
6875.jpg,6
6882.jpg,2
6884.jpg,2
6885.jpg,4
6888.jpg,3
6889.jpg,4
6890.jpg,3
6891.jpg,4
6892.jpg,4
6896.jpg,3
6899.jpg,2
6901.jpg,4
6902.jpg,3
6903.jpg,2
6911.jpg,4
6912.jpg,2
6913.jpg,3
6915.jpg,3
6919.jpg,3
6920.jpg,4
6921.jpg,3
6922.jpg,2
6925.jpg,4
6926.jpg,2
6928.jpg,2
6933.jpg,3
6935.jpg,3
6938.jpg,4
6939.jpg,3
6949.jpg,3
6951.jpg,2
6953.jpg,2
6956.jpg,4
6958.jpg,2
6959.jpg,4
6964.jpg,3
6966.jpg,5
6970.jpg,4
6972.jpg,2
6983.jpg,4
6985.jpg,5
6990.jpg,5
6994.jpg,6
6995.jpg,6
6996.jpg,7
7011.jpg,4
7016.jpg,3
7018.jpg,5
7019.jpg,4
7021.jpg,5
7023.jpg,4
7024.jpg,2
7025.jpg,5
7026.jpg,10
7027.jpg,8
7028.jpg,3
7033.jpg,4
7039.jpg,4
7041.jpg,5
7049.jpg,5
7050.jpg,4
7053.jpg,5
7056.jpg,4
7058.jpg,4
7067.jpg,14
7068.jpg,5
7072.jpg,4
7080.jpg,4
7081.jpg,4
7082.jpg,3
7089.jpg,4
7094.jpg,7
7096.jpg,6
7102.jpg,4
7103.jpg,7
7106.jpg,6
7107.jpg,4
7109.jpg,3
7115.jpg,4
7116.jpg,5
7117.jpg,3
7118.jpg,6
7122.jpg,4
7124.jpg,4
7126.jpg,4
7128.jpg,6
7131.jpg,6
7134.jpg,5
7138.jpg,4
7140.jpg,5
7141.jpg,3
7150.jpg,3
7152.jpg,4
7153.jpg,3
7158.jpg,5
7164.jpg,4
7167.jpg,6
7168.jpg,6
7181.jpg,3
7185.jpg,3
7188.jpg,2
7190.jpg,5
7192.jpg,3
7193.jpg,2
7198.jpg,5
7201.jpg,2
7207.jpg,3
7208.jpg,2
7209.jpg,3
7216.jpg,4
7217.jpg,2
7219.jpg,3
7220.jpg,3
7222.jpg,2
7224.jpg,2
7227.jpg,3
7228.jpg,6
7229.jpg,4
7230.jpg,3
7232.jpg,5
7239.jpg,2
7240.jpg,3
7248.jpg,3
7249.jpg,3
7250.jpg,4
7251.jpg,3
7253.jpg,2
7255.jpg,3
7256.jpg,3
7259.jpg,4
7261.jpg,2
7267.jpg,4
7268.jpg,4
7270.jpg,4
7271.jpg,3
7281.jpg,3
7285.jpg,4
7286.jpg,4
7290.jpg,2
7291.jpg,3
7294.jpg,3
7295.jpg,4
7303.jpg,2
7305.jpg,4
7314.jpg,2
7325.jpg,3
7328.jpg,3
7339.jpg,4
7345.jpg,4
7353.jpg,12
7354.jpg,4
7358.jpg,3
7364.jpg,4
7373.jpg,4
7374.jpg,4
7377.jpg,2
7378.jpg,4
7381.jpg,4
7383.jpg,5
7384.jpg,9
7385.jpg,2
7386.jpg,10
7390.jpg,4
7394.jpg,2
7398.jpg,4
7401.jpg,3
7409.jpg,4
7410.jpg,6
7411.jpg,10
7414.jpg,4
7420.jpg,3
7421.jpg,3
7424.jpg,5
7438.jpg,5
7441.jpg,5
7447.jpg,3
7450.jpg,5
7451.jpg,4
7455.jpg,2
7456.jpg,4
7461.jpg,2
7462.jpg,3
7463.jpg,3
7464.jpg,4
7470.jpg,3
7473.jpg,3
7474.jpg,8
7478.jpg,2
7481.jpg,4
7490.jpg,3
7495.jpg,2
7497.jpg,2
7498.jpg,3
7501.jpg,2
7506.jpg,3
7510.jpg,7
7516.jpg,2
7524.jpg,3
7527.jpg,3
7529.jpg,2
7536.jpg,3
7537.jpg,2
7539.jpg,2
7541.jpg,2
7543.jpg,2
7545.jpg,2
7548.jpg,2
7550.jpg,2
7560.jpg,2
7563.jpg,2
7566.jpg,2
7568.jpg,4
7571.jpg,4
7573.jpg,2
7577.jpg,3
7580.jpg,3
7585.jpg,7
7589.jpg,6
7590.jpg,3
7593.jpg,3
7597.jpg,5
7599.jpg,3
7601.jpg,5
7609.jpg,3
7611.jpg,3
7626.jpg,4
7627.jpg,3
7629.jpg,2
7634.jpg,2
7642.jpg,2
7648.jpg,4
7650.jpg,3
7657.jpg,2
7658.jpg,3
7659.jpg,4
7660.jpg,4
7666.jpg,7
7669.jpg,6
7670.jpg,2
7680.jpg,5
7683.jpg,5
7694.jpg,5
7695.jpg,4
7698.jpg,6
7701.jpg,2
7705.jpg,2
7706.jpg,4
7711.jpg,5
7715.jpg,4
7719.jpg,11
7720.jpg,2
7730.jpg,4
7731.jpg,3
7735.jpg,4
7737.jpg,16
7742.jpg,6
7743.jpg,3
7744.jpg,3
7747.jpg,3
7752.jpg,2
7753.jpg,5
7757.jpg,7
7762.jpg,2
7767.jpg,3
7770.jpg,6
7771.jpg,3
7773.jpg,4
7778.jpg,3
7785.jpg,3
7790.jpg,3
7791.jpg,6
7792.jpg,7
7794.jpg,2
7797.jpg,4
7801.jpg,2
7819.jpg,16
7823.jpg,4
7826.jpg,2
7828.jpg,2
7829.jpg,4
7831.jpg,6
7834.jpg,4
7836.jpg,5
7837.jpg,4
7838.jpg,2
7839.jpg,5
7842.jpg,2
7843.jpg,4
7846.jpg,4
7847.jpg,5
7848.jpg,4
7849.jpg,3
7850.jpg,6
7852.jpg,2
7853.jpg,6
7857.jpg,2
7859.jpg,6
7869.jpg,2
7874.jpg,3
7876.jpg,4
7880.jpg,6
7881.jpg,5
7882.jpg,2
7886.jpg,3
7888.jpg,6
7890.jpg,5
7892.jpg,4
7893.jpg,2
7898.jpg,2
7899.jpg,6
7901.jpg,3
7902.jpg,2
7903.jpg,5
7910.jpg,4
7916.jpg,3
7917.jpg,7
7918.jpg,6
7920.jpg,4
7924.jpg,2
7926.jpg,3
7928.jpg,2
7931.jpg,4
7934.jpg,3
7936.jpg,4
7941.jpg,6
7942.jpg,3
7959.jpg,6
7966.jpg,3
7968.jpg,6
7969.jpg,2
7971.jpg,3
7974.jpg,2
7980.jpg,2
7984.jpg,2
7986.jpg,3
7987.jpg,2
7988.jpg,2
7989.jpg,5
7993.jpg,2
8000.jpg,3
8004.jpg,4
8005.jpg,3
8010.jpg,3
8013.jpg,3
8014.jpg,2
8016.jpg,3
8017.jpg,2
8020.jpg,2
8023.jpg,4
8024.jpg,4
8025.jpg,3
8026.jpg,3
8031.jpg,7
8032.jpg,6
8033.jpg,8
8034.jpg,16
8036.jpg,7
8038.jpg,5
8039.jpg,3
8043.jpg,4
8046.jpg,11
8049.jpg,4
8052.jpg,3
8054.jpg,3
8062.jpg,3
8063.jpg,7
8067.jpg,4
8068.jpg,3
8071.jpg,4
8083.jpg,3
8094.jpg,8
8098.jpg,7
8102.jpg,8
8104.jpg,6
8105.jpg,3
8106.jpg,6
8110.jpg,2
8111.jpg,2
8115.jpg,6
8117.jpg,4
8119.jpg,3
8120.jpg,3
8122.jpg,3
8124.jpg,6
8125.jpg,8
8127.jpg,4
8129.jpg,3
8136.jpg,4
8137.jpg,4
8138.jpg,3
8142.jpg,3
8145.jpg,3
8148.jpg,4
8158.jpg,3
8161.jpg,2
8162.jpg,2
8164.jpg,5
8166.jpg,5
8176.jpg,4
8177.jpg,7
8179.jpg,3
8180.jpg,2
8183.jpg,2
8186.jpg,4
8188.jpg,3
8189.jpg,4
8190.jpg,2
8192.jpg,4
8193.jpg,4
8194.jpg,4
8196.jpg,6
8209.jpg,6
8210.jpg,3
8214.jpg,3
8217.jpg,5
8218.jpg,4
8224.jpg,4
8230.jpg,6
8234.jpg,3
8235.jpg,4
8236.jpg,2
8238.jpg,3
8240.jpg,2
8241.jpg,4
8245.jpg,2
8251.jpg,3
8255.jpg,3
8259.jpg,4
8260.jpg,3
8264.jpg,3
8266.jpg,3
8268.jpg,3
8270.jpg,4
8273.jpg,2
8278.jpg,4
8284.jpg,3
8286.jpg,3
8292.jpg,2
8294.jpg,3
8296.jpg,3
8302.jpg,4
8305.jpg,3
8312.jpg,5
8316.jpg,4
8318.jpg,2
8322.jpg,6
8323.jpg,2
8327.jpg,3
8328.jpg,5
8330.jpg,3
8331.jpg,5
8333.jpg,4
8334.jpg,3
8339.jpg,2
8343.jpg,2
8355.jpg,3
8357.jpg,2
8361.jpg,4
8363.jpg,4
8365.jpg,3
8369.jpg,2
8376.jpg,2
8377.jpg,2
8384.jpg,2
8388.jpg,3
8389.jpg,2
8393.jpg,2
8395.jpg,2
8400.jpg,2
8404.jpg,2
8406.jpg,12
8411.jpg,2
8415.jpg,2
8428.jpg,9
8430.jpg,5
8434.jpg,2
8440.jpg,4
8442.jpg,5
8443.jpg,6
8445.jpg,2
8446.jpg,3
8455.jpg,2
8456.jpg,3
8462.jpg,10
8465.jpg,2
8466.jpg,5
8469.jpg,2
8472.jpg,2
8475.jpg,3
8482.jpg,3
8488.jpg,4
8489.jpg,2
8495.jpg,2
8503.jpg,3
8509.jpg,7
8510.jpg,2
8514.jpg,2
8516.jpg,5
8526.jpg,20
8527.jpg,3
8535.jpg,2
8539.jpg,2
8540.jpg,6
8541.jpg,7
8547.jpg,4
8548.jpg,3
8550.jpg,4
8553.jpg,3
8555.jpg,5
8556.jpg,5
8559.jpg,3
8565.jpg,3
8575.jpg,3
8576.jpg,5
8578.jpg,2
8581.jpg,3
8582.jpg,7
8583.jpg,3
8586.jpg,3
8589.jpg,5
8590.jpg,3
8592.jpg,6
8609.jpg,4
8613.jpg,2
8617.jpg,5
8624.jpg,3
8626.jpg,5
8627.jpg,4
8631.jpg,2
8632.jpg,2
8634.jpg,3
8636.jpg,5
8637.jpg,13
8638.jpg,6
8639.jpg,12
8644.jpg,13
8646.jpg,9
8650.jpg,6
8652.jpg,4
8655.jpg,5
8658.jpg,5
8663.jpg,5
8666.jpg,15
8667.jpg,3
8668.jpg,2
8672.jpg,2
8673.jpg,4
8678.jpg,11
8679.jpg,9
8681.jpg,7
8684.jpg,6
8689.jpg,2
8700.jpg,3
8703.jpg,3
8710.jpg,4
8713.jpg,5
8718.jpg,6
8729.jpg,4
8736.jpg,3
8737.jpg,3
8738.jpg,3
8739.jpg,5
8743.jpg,4
8751.jpg,4
8752.jpg,7
8754.jpg,2
8756.jpg,3
8758.jpg,2
8761.jpg,3
8762.jpg,2
8765.jpg,6
8770.jpg,2
8771.jpg,2
8772.jpg,7
8773.jpg,8
8781.jpg,7
8784.jpg,4
8787.jpg,2
8788.jpg,3
8797.jpg,2
8798.jpg,4
8800.jpg,2
8806.jpg,2
8807.jpg,4
8811.jpg,6
8812.jpg,2
8818.jpg,4
8821.jpg,8
8822.jpg,5
8827.jpg,2
8831.jpg,3
8833.jpg,4
8834.jpg,5
8835.jpg,8
8839.jpg,4
8840.jpg,3
8841.jpg,4
8842.jpg,6
8844.jpg,4
8848.jpg,5
8852.jpg,2
8858.jpg,3
8859.jpg,2
8869.jpg,2
8877.jpg,4
8878.jpg,4
8880.jpg,4
8886.jpg,5
8888.jpg,3
8889.jpg,3
8891.jpg,3
8896.jpg,5
8901.jpg,4
8905.jpg,4
8906.jpg,4
8908.jpg,5
8912.jpg,2
8913.jpg,4
8915.jpg,2
8917.jpg,3
8919.jpg,4
8920.jpg,9
8927.jpg,2
8928.jpg,3
8930.jpg,2
8932.jpg,3
8936.jpg,4
8939.jpg,7
8940.jpg,4
8946.jpg,3
8948.jpg,3
8952.jpg,9
8954.jpg,3
8959.jpg,2
8960.jpg,2
8966.jpg,3
8968.jpg,3
8971.jpg,2
8975.jpg,2
8979.jpg,3
8982.jpg,4
8984.jpg,3
8985.jpg,4
8989.jpg,4
8994.jpg,7
8995.jpg,3
8996.jpg,3
9010.jpg,14
9011.jpg,8
9013.jpg,5
9014.jpg,5
9015.jpg,3
9020.jpg,3
9024.jpg,5
9027.jpg,5
9029.jpg,7
9031.jpg,6
9038.jpg,9
9040.jpg,8
9041.jpg,12
9042.jpg,9
9043.jpg,15
9044.jpg,7
9045.jpg,6
9046.jpg,6
9048.jpg,14
9052.jpg,4
9054.jpg,3
9065.jpg,3
9066.jpg,4
9073.jpg,3
9074.jpg,4
9082.jpg,6
9087.jpg,3
9091.jpg,4
9092.jpg,4
9096.jpg,5
9105.jpg,3
9113.jpg,2
9118.jpg,2
9119.jpg,2
9120.jpg,2
9121.jpg,2
9123.jpg,2
9128.jpg,11
9131.jpg,3
9132.jpg,5
9133.jpg,7
9134.jpg,2
9137.jpg,5
9138.jpg,3
9141.jpg,4
9145.jpg,2
9147.jpg,3
9150.jpg,6
9158.jpg,7
9159.jpg,5
9165.jpg,3
9170.jpg,3
9171.jpg,13
9174.jpg,4
9178.jpg,12
9182.jpg,6
9183.jpg,2
9186.jpg,7
9190.jpg,5
9193.jpg,5
9201.jpg,5
9203.jpg,2
9216.jpg,4
9219.jpg,3
9221.jpg,2
9223.jpg,4
9224.jpg,4
9225.jpg,2
9227.jpg,11
9228.jpg,4
9231.jpg,6
9236.jpg,13
9238.jpg,7
9243.jpg,2
9251.jpg,3
9252.jpg,3
9258.jpg,3
9259.jpg,4
9266.jpg,6
9268.jpg,5
9270.jpg,5
9271.jpg,4
9273.jpg,3
9276.jpg,3
9277.jpg,3
9283.jpg,5
9287.jpg,3
9294.jpg,2
9301.jpg,2
9307.jpg,4
9309.jpg,2
9316.jpg,2
9323.jpg,4
9324.jpg,6
9329.jpg,6
9332.jpg,4
9333.jpg,2
9336.jpg,3
9337.jpg,2
9340.jpg,4
9342.jpg,3
9343.jpg,2
9344.jpg,3
9347.jpg,4
9349.jpg,3
9350.jpg,4
9351.jpg,5
9356.jpg,4
9358.jpg,6
9366.jpg,3
9368.jpg,2
9373.jpg,2
9374.jpg,2
9375.jpg,9
9376.jpg,3
9383.jpg,3
9386.jpg,2
9387.jpg,3
9390.jpg,2
9391.jpg,5
9399.jpg,20
9400.jpg,19
9405.jpg,16
9408.jpg,7
9410.jpg,12
9412.jpg,13
9414.jpg,5
9417.jpg,3
9423.jpg,3
9429.jpg,5
9430.jpg,6
9432.jpg,4
9433.jpg,4
9436.jpg,4
9438.jpg,4
9439.jpg,3
9443.jpg,3
9449.jpg,6
9451.jpg,6
9453.jpg,6
9457.jpg,3
9458.jpg,18
9468.jpg,14
9485.jpg,3
9490.jpg,12
9493.jpg,2
9494.jpg,2
9499.jpg,6
9500.jpg,2
9501.jpg,3
9505.jpg,6
9506.jpg,4
9507.jpg,4
9511.jpg,5
9514.jpg,7
9522.jpg,3
9523.jpg,3
9527.jpg,2
9528.jpg,5
9529.jpg,3
9534.jpg,3
9539.jpg,3
9545.jpg,7
9548.jpg,3
9550.jpg,3
9553.jpg,2
9556.jpg,4
9558.jpg,2
9565.jpg,2
9567.jpg,2
9571.jpg,4
9572.jpg,4
9577.jpg,3
9580.jpg,2
9593.jpg,4
9594.jpg,4
9595.jpg,2
9598.jpg,4
9600.jpg,4
9601.jpg,5
9608.jpg,3
9612.jpg,4
9614.jpg,3
9617.jpg,5
9620.jpg,4
9623.jpg,4
9625.jpg,3
9628.jpg,4
9633.jpg,2
9634.jpg,3
9638.jpg,4
9639.jpg,3
9643.jpg,4
9645.jpg,4
9656.jpg,2
9660.jpg,3
9661.jpg,2
9663.jpg,3
9668.jpg,5
9673.jpg,5
9674.jpg,4
9681.jpg,3
9684.jpg,3
9685.jpg,3
9689.jpg,5
9690.jpg,3
9697.jpg,4
9698.jpg,3
9700.jpg,3
9702.jpg,3
9703.jpg,4
9709.jpg,3
9711.jpg,3
9712.jpg,4
9721.jpg,4
9726.jpg,3
9728.jpg,4
9729.jpg,3
9730.jpg,3
9734.jpg,4
9745.jpg,4
9746.jpg,4
9750.jpg,3
9757.jpg,3
9758.jpg,3
9765.jpg,3
9767.jpg,3
9771.jpg,2
9774.jpg,2
9776.jpg,3
9781.jpg,4
9784.jpg,3
9785.jpg,4
9787.jpg,4
9788.jpg,4
9792.jpg,5
9796.jpg,4
9801.jpg,3
9803.jpg,2
9804.jpg,2
9809.jpg,3
9810.jpg,2
9811.jpg,3
9814.jpg,3
9815.jpg,3
9816.jpg,2
9818.jpg,4
9825.jpg,3
9827.jpg,3
9832.jpg,3
9835.jpg,3
9851.jpg,7
9855.jpg,7
9856.jpg,7
9859.jpg,6
9860.jpg,6
9863.jpg,6
9867.jpg,4
9868.jpg,5
9869.jpg,4
9870.jpg,2
9873.jpg,4
9874.jpg,2
9876.jpg,2
9877.jpg,4
9879.jpg,2
9883.jpg,3
9888.jpg,2
9889.jpg,3
9891.jpg,2
9893.jpg,3
9901.jpg,3
9902.jpg,15
9904.jpg,2
9905.jpg,2
9909.jpg,2
9910.jpg,2
9911.jpg,2
9918.jpg,2
9920.jpg,3
9922.jpg,2
9923.jpg,2
9926.jpg,2
9930.jpg,4
9933.jpg,3
9938.jpg,2
9939.jpg,2
9943.jpg,4
9944.jpg,2
9946.jpg,2
9948.jpg,2
9949.jpg,2
9959.jpg,2
9965.jpg,4
9973.jpg,4
9975.jpg,2
9976.jpg,2
9977.jpg,2
9981.jpg,4
9984.jpg,2
9986.jpg,2
9991.jpg,2
9994.jpg,3
9998.jpg,5
10005.jpg,3
10006.jpg,3
10009.jpg,3
10011.jpg,2
10014.jpg,3
10016.jpg,3
10019.jpg,4
10021.jpg,5
10024.jpg,4
10027.jpg,4
10029.jpg,6
10031.jpg,2
10035.jpg,4
10038.jpg,5
10040.jpg,2
10042.jpg,19
10045.jpg,5
10046.jpg,4
10051.jpg,3
10055.jpg,3
10056.jpg,3
10058.jpg,2
10060.jpg,4
10063.jpg,24
10066.jpg,8
10091.jpg,3
10093.jpg,4
10094.jpg,3
10095.jpg,3
10099.jpg,3
10100.jpg,4
10102.jpg,4
10103.jpg,5
10105.jpg,4
10106.jpg,3
10107.jpg,4
10113.jpg,3
10114.jpg,7
10115.jpg,6
10117.jpg,8
10121.jpg,2
10123.jpg,4
10131.jpg,2
10132.jpg,2
10137.jpg,7
10140.jpg,3
10141.jpg,5
10142.jpg,3
10155.jpg,2
10157.jpg,7
10163.jpg,5
10168.jpg,2
10170.jpg,4
10173.jpg,2
10175.jpg,3
10176.jpg,6
10179.jpg,5
10180.jpg,5
10183.jpg,8
10184.jpg,6
10185.jpg,6
10188.jpg,3
10190.jpg,3
10194.jpg,7
10195.jpg,4
10197.jpg,7
10199.jpg,6
10200.jpg,3
10212.jpg,4
10217.jpg,4
10220.jpg,6
10223.jpg,5
10224.jpg,5
10228.jpg,5
10234.jpg,6
10239.jpg,6
10240.jpg,5
10246.jpg,4
10249.jpg,6
10251.jpg,6
10255.jpg,5
10257.jpg,3
10258.jpg,2
10260.jpg,5
10267.jpg,5
10274.jpg,4
10280.jpg,4
10286.jpg,4
10296.jpg,2
10298.jpg,7
10302.jpg,4
10307.jpg,4
10310.jpg,5
10315.jpg,3
10318.jpg,6
10322.jpg,2
10326.jpg,4
10330.jpg,3
10333.jpg,3
10335.jpg,3
10338.jpg,7
10340.jpg,4
10342.jpg,5
10343.jpg,5
10345.jpg,6
10348.jpg,5
10349.jpg,8
10355.jpg,5
10357.jpg,5
10369.jpg,5
10370.jpg,9
10373.jpg,8
10374.jpg,9
10377.jpg,7
10380.jpg,10
10381.jpg,10
10382.jpg,4
10386.jpg,3
10393.jpg,6
10396.jpg,3
10399.jpg,3
10401.jpg,7
10405.jpg,3
10410.jpg,4
10411.jpg,3
10415.jpg,4
10420.jpg,6
10425.jpg,4
10426.jpg,3
10427.jpg,3
10434.jpg,3
10435.jpg,2
10439.jpg,3
10440.jpg,3
10441.jpg,2
10460.jpg,3
10464.jpg,6
10467.jpg,3
10468.jpg,4
10473.jpg,4
10474.jpg,4
10475.jpg,5
10482.jpg,9
10487.jpg,6
10488.jpg,3
10489.jpg,5
10493.jpg,2
10494.jpg,2
10497.jpg,4
10498.jpg,3
10502.jpg,3
10504.jpg,5
10506.jpg,3
10508.jpg,3
10510.jpg,4
10518.jpg,9
10531.jpg,4
10543.jpg,4
10544.jpg,5
10558.jpg,4
10559.jpg,3
10563.jpg,4
10568.jpg,3
10571.jpg,7
10574.jpg,6
10575.jpg,8
10582.jpg,6
10586.jpg,8
10589.jpg,7
10591.jpg,2
10592.jpg,4
10593.jpg,2
10599.jpg,5
10609.jpg,5
10613.jpg,4
10614.jpg,11
10615.jpg,2
10619.jpg,2
10622.jpg,3
10623.jpg,4
10630.jpg,3
10635.jpg,3
10638.jpg,3
10642.jpg,3
10644.jpg,4
10649.jpg,2
10651.jpg,2
10653.jpg,3
10655.jpg,3
10658.jpg,4
10659.jpg,2
10664.jpg,3
10666.jpg,3
10667.jpg,3
10671.jpg,4
10681.jpg,4
10682.jpg,3
10684.jpg,2
10687.jpg,3
10688.jpg,3
10689.jpg,17
10695.jpg,3
10698.jpg,5
10700.jpg,2
10701.jpg,5
10710.jpg,8
10712.jpg,3
10718.jpg,6
10724.jpg,2
10726.jpg,2
10727.jpg,2
10731.jpg,2
10738.jpg,2
10739.jpg,4
10741.jpg,3
10742.jpg,2
10743.jpg,2
10745.jpg,3
10746.jpg,2
10751.jpg,5
10762.jpg,3
10768.jpg,2
10774.jpg,5
10780.jpg,3
10783.jpg,18
10786.jpg,5
10793.jpg,3
10795.jpg,3
10798.jpg,6
10801.jpg,4
10804.jpg,5
10807.jpg,4
10817.jpg,13
10818.jpg,10
10820.jpg,4
10822.jpg,2
10824.jpg,3
10825.jpg,3
10827.jpg,5
10828.jpg,4
10830.jpg,4
10836.jpg,3
10837.jpg,10
10842.jpg,4
10848.jpg,12
10857.jpg,5
10860.jpg,6
10862.jpg,3
10864.jpg,4
10868.jpg,4
10872.jpg,4
10873.jpg,4
10874.jpg,5
10876.jpg,4
10879.jpg,4
10890.jpg,8
10891.jpg,5
10893.jpg,4
10896.jpg,6
10898.jpg,3
10902.jpg,7
10909.jpg,3
10910.jpg,4
10912.jpg,4
10913.jpg,4
10917.jpg,5
10923.jpg,4
10927.jpg,3
10931.jpg,2
10940.jpg,5
10941.jpg,5
10942.jpg,5
10945.jpg,4
10955.jpg,3
10957.jpg,6
10962.jpg,3
10965.jpg,3
10973.jpg,3
10976.jpg,3
10977.jpg,4
10978.jpg,4
10979.jpg,4
10985.jpg,6
10989.jpg,6
10993.jpg,3
10994.jpg,3
10998.jpg,4
11002.jpg,4
11009.jpg,5
11010.jpg,2
11011.jpg,3
11012.jpg,3
11014.jpg,4
11019.jpg,4
11022.jpg,12
11024.jpg,6
11030.jpg,5
11031.jpg,5
11034.jpg,7
11035.jpg,5
11047.jpg,6
11050.jpg,3
11051.jpg,5
11055.jpg,4
11058.jpg,4
11062.jpg,4
11063.jpg,2
11064.jpg,3
11065.jpg,2
11066.jpg,4
11071.jpg,2
11077.jpg,5
11079.jpg,3
11080.jpg,5
11081.jpg,4
11085.jpg,5
11097.jpg,6
11099.jpg,5
11101.jpg,3
11108.jpg,4
11111.jpg,3
11113.jpg,4
11117.jpg,7
11130.jpg,3
11132.jpg,3
11136.jpg,4
11143.jpg,6
11149.jpg,3
11153.jpg,11
11161.jpg,4
11165.jpg,3
11171.jpg,5
11184.jpg,7
11190.jpg,3
11191.jpg,2
11195.jpg,4
11197.jpg,4
11201.jpg,3
11204.jpg,4
11205.jpg,2
11207.jpg,3
11209.jpg,5
11211.jpg,3
11222.jpg,2
11228.jpg,3
11231.jpg,4
11234.jpg,5
11236.jpg,2
11238.jpg,3
11239.jpg,8
11244.jpg,3
11245.jpg,3
11246.jpg,2
11250.jpg,3
11251.jpg,4
11262.jpg,4
11263.jpg,3
11264.jpg,3
11266.jpg,4
11268.jpg,3
11269.jpg,2
11281.jpg,3
11283.jpg,2
11286.jpg,2
11288.jpg,3
11290.jpg,4
11293.jpg,3
11297.jpg,7
11300.jpg,5
11310.jpg,5
11311.jpg,6
11312.jpg,6
11317.jpg,6
11318.jpg,4
11319.jpg,4
11322.jpg,3
11325.jpg,3
11328.jpg,3
11332.jpg,3
11335.jpg,5
11336.jpg,3
11338.jpg,3
11339.jpg,3
11340.jpg,3
11341.jpg,5
11342.jpg,2
11344.jpg,2
11346.jpg,5
11347.jpg,5
11348.jpg,2
11355.jpg,3
11358.jpg,2
11362.jpg,6
11365.jpg,6
11368.jpg,6
11369.jpg,2
11370.jpg,3
11371.jpg,4
11374.jpg,3
11380.jpg,3
11381.jpg,2
11383.jpg,2
11388.jpg,4
11390.jpg,2
11392.jpg,3
11394.jpg,3
11396.jpg,7
11402.jpg,5
11403.jpg,4
11404.jpg,2
11405.jpg,2
11411.jpg,3
11414.jpg,6
11417.jpg,2
11432.jpg,2
11434.jpg,2
11452.jpg,2
11453.jpg,3
11456.jpg,4
11457.jpg,4
11458.jpg,3
11462.jpg,5
11471.jpg,2
11474.jpg,3
11475.jpg,2
11476.jpg,5
11480.jpg,2
11488.jpg,7
11490.jpg,11
11492.jpg,13
11501.jpg,2
11506.jpg,4
11517.jpg,8
11520.jpg,3
11523.jpg,2
11526.jpg,3
11530.jpg,5
11531.jpg,6
11532.jpg,6
11535.jpg,4
11537.jpg,6
11547.jpg,18
11548.jpg,17
11549.jpg,11
11552.jpg,5
11553.jpg,3
11561.jpg,4
11566.jpg,3
11568.jpg,7
11569.jpg,7
11570.jpg,5
11572.jpg,3
11578.jpg,2
11583.jpg,2
11584.jpg,6
11590.jpg,2
11601.jpg,4
11602.jpg,4
11608.jpg,3
11612.jpg,3
11616.jpg,5
11624.jpg,3
11629.jpg,2
11640.jpg,4
11641.jpg,4
11643.jpg,4
11644.jpg,3
11648.jpg,6
11649.jpg,8
11651.jpg,8
11654.jpg,3
11657.jpg,5
11658.jpg,4
11660.jpg,4
11661.jpg,2
11670.jpg,12
11675.jpg,3
11681.jpg,9
11684.jpg,2
11686.jpg,4
11689.jpg,4
11690.jpg,4
11692.jpg,2
11694.jpg,5
11696.jpg,3
11699.jpg,3
11703.jpg,2
11706.jpg,14
11707.jpg,5
11712.jpg,3
11713.jpg,4
11722.jpg,7
11725.jpg,6
11727.jpg,2
11729.jpg,3
11731.jpg,7
11733.jpg,4
11738.jpg,2
11741.jpg,7
11742.jpg,4
11743.jpg,4
11744.jpg,6
11745.jpg,2
11750.jpg,3
11751.jpg,5
11762.jpg,4
11763.jpg,2
11769.jpg,2
11771.jpg,4
11777.jpg,4
11779.jpg,7
11781.jpg,3
11788.jpg,4
11791.jpg,7
11800.jpg,4
11807.jpg,4
11808.jpg,4
11815.jpg,4
11816.jpg,3
11818.jpg,3
11820.jpg,4
11823.jpg,3
11825.jpg,7
11831.jpg,3
11833.jpg,2
11836.jpg,6
11839.jpg,2
11846.jpg,6
11851.jpg,5
11857.jpg,5
11859.jpg,8
11869.jpg,4
11870.jpg,4
11872.jpg,7
11878.jpg,5
11886.jpg,5
11887.jpg,2
11888.jpg,5
11894.jpg,12
11898.jpg,5
11899.jpg,8
11904.jpg,3
11907.jpg,2
11908.jpg,2
11914.jpg,6
11918.jpg,2
11919.jpg,9
11920.jpg,4
11922.jpg,7
11925.jpg,3
11926.jpg,4
11927.jpg,6
11932.jpg,2
11937.jpg,6
11941.jpg,3
11946.jpg,6
11948.jpg,2
11950.jpg,5
11952.jpg,2
11953.jpg,5
11956.jpg,3
11960.jpg,4
11961.jpg,4
11962.jpg,3
11969.jpg,5
11970.jpg,5
11973.jpg,5
11974.jpg,5
11984.jpg,4
11991.jpg,4
11995.jpg,4
11996.jpg,4
11997.jpg,4
11999.jpg,3
12002.jpg,3
12007.jpg,2
12009.jpg,4
12010.jpg,7
12015.jpg,3
12019.jpg,2
12021.jpg,2
12022.jpg,4
12024.jpg,2
12026.jpg,2
12033.jpg,3
12037.jpg,2
12042.jpg,2
12043.jpg,2
12044.jpg,2
12045.jpg,2
12047.jpg,2
12055.jpg,3
12060.jpg,2
12061.jpg,2
12063.jpg,2
12064.jpg,2
12067.jpg,2
12071.jpg,3
12078.jpg,3
12082.jpg,3
12084.jpg,2
12090.jpg,3
12092.jpg,2
12094.jpg,2
12095.jpg,2
12098.jpg,2
12103.jpg,2
12104.jpg,2
12107.jpg,3
12109.jpg,2
12112.jpg,2
12115.jpg,3
12118.jpg,3
12119.jpg,3
12121.jpg,2
12123.jpg,4
12127.jpg,2
12129.jpg,2
12140.jpg,2
12143.jpg,2
12147.jpg,2
12153.jpg,2
12154.jpg,2
12155.jpg,2
12157.jpg,3
12166.jpg,6
12170.jpg,2
12174.jpg,2
12181.jpg,11
12188.jpg,2
12201.jpg,3
12205.jpg,2
12206.jpg,6
12207.jpg,6
12208.jpg,7
12220.jpg,7
12224.jpg,2
12225.jpg,4
12226.jpg,5
12228.jpg,4
12230.jpg,2
12232.jpg,4
12233.jpg,3
12236.jpg,5
12245.jpg,5
12246.jpg,4
12248.jpg,3
12249.jpg,4
12256.jpg,3
12257.jpg,3
12266.jpg,6
12267.jpg,3
12269.jpg,5
12271.jpg,4
12273.jpg,2
12276.jpg,3
12278.jpg,2
12279.jpg,6
12284.jpg,4
12287.jpg,10
12290.jpg,5
12297.jpg,14
12298.jpg,17
12299.jpg,10
12300.jpg,10
12302.jpg,4
12303.jpg,2
12304.jpg,3
12307.jpg,7
12308.jpg,4
12313.jpg,5
12316.jpg,8
12317.jpg,4
12325.jpg,5
12329.jpg,3
12331.jpg,5
12336.jpg,4
12340.jpg,5
12344.jpg,4
12345.jpg,11
12349.jpg,4
12350.jpg,8
12352.jpg,5
12363.jpg,3
12367.jpg,12
12368.jpg,8
12370.jpg,5
12371.jpg,9
12375.jpg,5
12378.jpg,6
12382.jpg,2
12384.jpg,2
12386.jpg,11
12388.jpg,4
12392.jpg,6
12396.jpg,7
12399.jpg,4
12401.jpg,2
12409.jpg,3
12412.jpg,6
12415.jpg,4
12419.jpg,16
12421.jpg,4
12422.jpg,3
12424.jpg,4
12426.jpg,4
12430.jpg,3
12432.jpg,2
12433.jpg,4
12438.jpg,3
12442.jpg,3
12444.jpg,9
12449.jpg,6
12456.jpg,5
12457.jpg,5
12458.jpg,4
12459.jpg,3
12462.jpg,4
12466.jpg,3
12468.jpg,3
12471.jpg,4
12472.jpg,3
12479.jpg,3
12481.jpg,4
12482.jpg,3
12485.jpg,8
12486.jpg,5
12490.jpg,6
12496.jpg,3
12503.jpg,5
12506.jpg,6
12507.jpg,5
12508.jpg,3
12511.jpg,3
12514.jpg,4
12515.jpg,7
12519.jpg,3
12523.jpg,2
12524.jpg,3
12525.jpg,4
12529.jpg,3
12533.jpg,5
12537.jpg,3
12541.jpg,2
12550.jpg,3
12552.jpg,5
12557.jpg,3
12558.jpg,3
12559.jpg,6
12565.jpg,5
12566.jpg,2
12568.jpg,3
12580.jpg,3
12581.jpg,4
12584.jpg,2
12585.jpg,5
12586.jpg,4
12588.jpg,2
12591.jpg,2
12594.jpg,3
12597.jpg,2
12603.jpg,3
12604.jpg,2
12605.jpg,3
12610.jpg,5
12611.jpg,4
12613.jpg,2
12615.jpg,2
12616.jpg,2
12621.jpg,5
12624.jpg,13
12625.jpg,5
12626.jpg,7
12627.jpg,8
12630.jpg,2
12632.jpg,2
12633.jpg,5
12634.jpg,4
12636.jpg,8
12637.jpg,2
12640.jpg,2
12642.jpg,4
12647.jpg,4
12649.jpg,4
12656.jpg,3
12657.jpg,8
12659.jpg,3
12660.jpg,2
12661.jpg,2
12664.jpg,8
12672.jpg,7
12673.jpg,5
12680.jpg,10
12682.jpg,4
12684.jpg,16
12697.jpg,8
12700.jpg,2
12715.jpg,3
12719.jpg,5
12727.jpg,3
12728.jpg,4
12732.jpg,5
12735.jpg,3
12739.jpg,4
12749.jpg,5
12751.jpg,6
12752.jpg,9
12759.jpg,4
12763.jpg,2
12765.jpg,4
12766.jpg,7
12771.jpg,3
12777.jpg,6
12779.jpg,3
12786.jpg,5
12787.jpg,4
12788.jpg,10
12789.jpg,3
12791.jpg,4
12795.jpg,11
12798.jpg,6
12799.jpg,6
12802.jpg,2
12806.jpg,3
12807.jpg,3
12808.jpg,3
12811.jpg,3
12815.jpg,2
12817.jpg,2
12819.jpg,3
12820.jpg,3
12822.jpg,3
12823.jpg,2
12824.jpg,3
12825.jpg,4
12828.jpg,3
12830.jpg,3
12831.jpg,4
12832.jpg,2
12833.jpg,2
12841.jpg,2
12847.jpg,3
12848.jpg,7
12850.jpg,7
12851.jpg,6
12858.jpg,5
12859.jpg,5
12862.jpg,7
12863.jpg,4
12867.jpg,3
12872.jpg,6
12874.jpg,7
12881.jpg,4
12884.jpg,3
12887.jpg,3
12888.jpg,4
12889.jpg,4
12891.jpg,3
12896.jpg,3
12898.jpg,2
12899.jpg,2
12902.jpg,2
12903.jpg,2
12904.jpg,2
12905.jpg,4
12910.jpg,3
12912.jpg,3
12913.jpg,6
12914.jpg,7
12918.jpg,5
12922.jpg,4
12923.jpg,5
12926.jpg,5
12927.jpg,2
12933.jpg,5
12943.jpg,4
12944.jpg,3
12949.jpg,4
12950.jpg,8
12957.jpg,2
12958.jpg,3
12962.jpg,4
12968.jpg,2
12969.jpg,4
12971.jpg,5
12976.jpg,4
12978.jpg,2
12982.jpg,2
12984.jpg,2
12991.jpg,2
12993.jpg,2
12996.jpg,6
13002.jpg,4
13008.jpg,2
13014.jpg,2
13018.jpg,3
13019.jpg,3
13024.jpg,2
13029.jpg,2
13030.jpg,3
13032.jpg,5
13039.jpg,9
13052.jpg,4
13054.jpg,3
13056.jpg,7
13058.jpg,6
13064.jpg,2
13066.jpg,2
13067.jpg,2
13071.jpg,2
13075.jpg,2
13077.jpg,2
13079.jpg,7
13082.jpg,3
13083.jpg,3
13085.jpg,2
13089.jpg,6
13095.jpg,3
13096.jpg,4
13098.jpg,2
13101.jpg,2
13102.jpg,2
13103.jpg,2
13106.jpg,2
13108.jpg,4
13109.jpg,3
13110.jpg,2
13113.jpg,4
13116.jpg,2
13120.jpg,7
13123.jpg,3
13127.jpg,3
13132.jpg,2
13133.jpg,4
13135.jpg,2
13136.jpg,4
13145.jpg,5
13146.jpg,5
13160.jpg,2
13164.jpg,6
13169.jpg,2
13170.jpg,2
13172.jpg,3
13175.jpg,2
13180.jpg,3
13184.jpg,5
13192.jpg,2
13193.jpg,3
13194.jpg,3
13200.jpg,4
13201.jpg,3
13203.jpg,3
13205.jpg,4
13209.jpg,4
13212.jpg,2
13214.jpg,2
13216.jpg,2
13218.jpg,2
13219.jpg,3
13225.jpg,2
13237.jpg,5
13245.jpg,3
13246.jpg,2
13252.jpg,5
13260.jpg,3
13266.jpg,2
13267.jpg,3
13274.jpg,2
13275.jpg,2
13276.jpg,4
13277.jpg,4
13278.jpg,12
13287.jpg,5
13292.jpg,3
13293.jpg,3
13298.jpg,3
13300.jpg,4
13303.jpg,3
13315.jpg,5
13318.jpg,2
13320.jpg,3
13321.jpg,3
13335.jpg,4
13343.jpg,6
13347.jpg,3
13350.jpg,7
13352.jpg,10
13358.jpg,4
13360.jpg,6
13365.jpg,10
13367.jpg,7
13369.jpg,4
13373.jpg,4
13376.jpg,7
13379.jpg,3
13384.jpg,2
13388.jpg,3
13390.jpg,2
13391.jpg,5
13392.jpg,6
13394.jpg,3
13410.jpg,4
13412.jpg,7
13419.jpg,5
13420.jpg,3
13425.jpg,6
13432.jpg,3
13435.jpg,5
13443.jpg,2
13445.jpg,3
13447.jpg,4
13448.jpg,5
13450.jpg,5
13452.jpg,5
13454.jpg,4
13458.jpg,3
13460.jpg,3
13461.jpg,5
13462.jpg,2
13467.jpg,8
13468.jpg,5
13469.jpg,2
13492.jpg,4
13493.jpg,3
13494.jpg,3
13498.jpg,3
13500.jpg,2
13504.jpg,3
13508.jpg,6
13509.jpg,3
13510.jpg,4
13516.jpg,3
13526.jpg,3
13535.jpg,5
13536.jpg,5
13538.jpg,3
13542.jpg,3
13543.jpg,3
13545.jpg,4
13560.jpg,2
13561.jpg,3
13566.jpg,6
13573.jpg,5
13574.jpg,5
13577.jpg,7
13578.jpg,8
13585.jpg,6
13588.jpg,5
13591.jpg,8
13592.jpg,3
13599.jpg,15
13602.jpg,2
13614.jpg,3
13615.jpg,4
13624.jpg,3
13625.jpg,3
13626.jpg,4
13630.jpg,3
13633.jpg,2
13642.jpg,3
13648.jpg,4
13650.jpg,4
13653.jpg,3
13654.jpg,3
13656.jpg,3
13657.jpg,4
13663.jpg,3
13665.jpg,3
13667.jpg,3
13671.jpg,3
13674.jpg,2
13675.jpg,3
13676.jpg,4
13678.jpg,3
13681.jpg,3
13687.jpg,3
13688.jpg,3
13690.jpg,5
13693.jpg,2
13694.jpg,4
13696.jpg,3
13697.jpg,3
13699.jpg,3
13701.jpg,2
13705.jpg,3
13706.jpg,4
13709.jpg,3
13713.jpg,5
13715.jpg,3
13716.jpg,2
13718.jpg,4
13725.jpg,5
13730.jpg,7
13733.jpg,5
13736.jpg,3
13744.jpg,2
13747.jpg,5
13751.jpg,4
13755.jpg,5
13760.jpg,9
13765.jpg,5
13768.jpg,2
13771.jpg,2
13772.jpg,4
13773.jpg,6
13775.jpg,2
13778.jpg,3
13780.jpg,3
13782.jpg,2
13783.jpg,3
13785.jpg,2
13790.jpg,3
13791.jpg,2
13797.jpg,8
13801.jpg,3
13803.jpg,3
13805.jpg,2
13810.jpg,2
13813.jpg,4
13821.jpg,2
13823.jpg,3
13824.jpg,10
13825.jpg,5
13827.jpg,2
13830.jpg,2
13835.jpg,2
13839.jpg,3
13840.jpg,2
13846.jpg,4
13847.jpg,10
13848.jpg,4
13849.jpg,7
13850.jpg,5
13855.jpg,10
13856.jpg,3
13860.jpg,5
13861.jpg,3
13870.jpg,5
13874.jpg,8
13877.jpg,9
13884.jpg,3
13891.jpg,11
13893.jpg,16
13898.jpg,5
13901.jpg,2
13904.jpg,5
13905.jpg,2
13912.jpg,3
13915.jpg,3
13917.jpg,2
13919.jpg,3
13923.jpg,2
13925.jpg,2
13933.jpg,2
13934.jpg,3
13935.jpg,3
13942.jpg,4
13944.jpg,3
13945.jpg,2
13952.jpg,2
13953.jpg,2
13955.jpg,4
13960.jpg,4
13962.jpg,4
13968.jpg,3
13969.jpg,3
13979.jpg,2
13981.jpg,4
13982.jpg,4
13986.jpg,2
13987.jpg,3
13991.jpg,3
13992.jpg,3
13994.jpg,2
13998.jpg,2
14002.jpg,2
14003.jpg,2
14004.jpg,2
14005.jpg,2
14013.jpg,2
14014.jpg,2
14017.jpg,2
14019.jpg,2
14022.jpg,5
14026.jpg,3
14030.jpg,3
14031.jpg,3
14034.jpg,3
14038.jpg,3
14039.jpg,3
14046.jpg,4
14048.jpg,4
14053.jpg,22
14057.jpg,2
14061.jpg,7
14062.jpg,6
14066.jpg,3
14067.jpg,3
14070.jpg,3
14073.jpg,4
14074.jpg,4
14080.jpg,3
14101.jpg,5
14102.jpg,7
14104.jpg,6
14106.jpg,4
14108.jpg,3
14114.jpg,4
14117.jpg,3
14118.jpg,3
14122.jpg,3
14126.jpg,5
14135.jpg,4
14138.jpg,4
14140.jpg,4
14141.jpg,3
14148.jpg,5
14149.jpg,4
14151.jpg,2
14152.jpg,2
14157.jpg,2
14158.jpg,2
14160.jpg,7
14161.jpg,2
14162.jpg,2
14163.jpg,5
14171.jpg,4
14172.jpg,2
14179.jpg,3
14181.jpg,3
14182.jpg,3
14184.jpg,4
14186.jpg,2
14193.jpg,5
14197.jpg,3
14198.jpg,5
14199.jpg,4
14202.jpg,7
14206.jpg,4
